"DESCRIPTION","DURATION IN MS","NAME","PARENT SUITE","START TIME","STATUS","STOP TIME","SUB SUITE","SUITE","TEST CLASS","TEST METHOD"
"","1360","@regression Delete a user test","chromium","2026-10-02","passed","2026-10-02","","api/user.api.individual.spec.ts","",""
"","1656","@regression Create a user test","chromium","2026-10-02","passed","2026-10-02","","api/user.api.individual.spec.ts","",""
"","353","@smoke @regression GET API - get all user","chromium","2026-10-02","passed","2026-10-02","Running E2E go rest CRUD apis tests","api/user.api.spec.ts","",""
"","353","@regression POST API - Create a new user","chromium","2026-10-02","passed","2026-10-02","Running E2E go rest CRUD apis tests","api/user.api.spec.ts","",""
"","359","@regression PUT API - update a user","chromium","2026-10-02","passed","2026-10-02","Running E2E go rest CRUD apis tests","api/user.api.spec.ts","",""
"","7696","@regression forgot password exist test","chromium","2026-10-02","passed","2026-10-02","","ui/loginpagewithfixture.spec.ts","",""
"","2378","@regression update a user test","chromium","2026-10-02","passed","2026-10-02","","api/user.api.individual.spec.ts","",""
"","1512","@regression partial update a user test","chromium","2026-10-02","passed","2026-10-02","","api/user.api.individual.spec.ts","",""
"","466","@regression Delete API - Delete a user","chromium","2026-10-02","passed","2026-10-02","Running E2E go rest CRUD apis tests","api/user.api.spec.ts","",""
"","1","@regression Send Money To Another Equity with Invalid Amount with JSON Data - 1016100312497 - 0000","chromium","2026-10-02","skipped","2026-10-02","","ui/sendmoneytoequity.spec.ts","",""
